main_barrier,n_suggestions,average_overall_score,average_safety_score,high_risk_rate
low_confidence,3,4.0,3.6666666666666665,0.3333333333333333
weather,13,3.9438461538461533,3.5384615384615383,0.3076923076923077
lack_of_time,11,3.430909090909091,2.909090909090909,0.45454545454545453
low_motivation,11,3.378181818181818,2.727272727272727,0.45454545454545453
fatigue,10,3.207,2.4,0.6
pain,12,2.9575,2.0833333333333335,0.75
